ABANDON;BİRİNİ TERK ETMEK
ABBREVİATE;KISALTMAK, ÖZETLEMEK
ABOLİSH;SONA ERDİRMEK
ABROAD;YURTDIŞI
ABSORB;İÇİNE ÇEKMEK, EMMEK
ABSTAİN FROM;-- DEN SAKINMAK
ABSTRACT;ÖZETLEMEK
ABUNDANCE;BEREKET
ABUNDANT;BEREKETLİ
ACCELERATE;HIZLANDIRMAK
ACCEPT;KABUL ETMEK
ACCESS;ERİŞMEK
ACCESSİBLE TO;ULAŞILABİLİR
ACCİDENT;KAZA
ACCOMMODATE;MİSAFİR AĞIRLAMAK
ACCOMMODATİON;KONAKLAMA
ACCOMPANY;EŞLİK ETMEK
ACCOMPLİSH;BAŞARMAK
ACCORDİNG;GÖRE,EYE
ACCOUNTANT;MUHASEBECİ
ACCUMULATE;BİRİKTİRMEK
ACCURACY;DOĞRULUK, KESİNLİK
ACCURATE;HATASIZ
ACCURATELY;EKSİKSİZ BİR ŞEKİLDE
ACCUSE OF;İTHAM ETMEK
ACHİEVE;BAŞARMAK
ACKNOWLEDGE AS;KABUL ETMEK
ACQUAİNTED WİTH;HABERDAR OLMAK
ACQUİRE;EDİNMEK, KAZANMAK
ACQUİSİTİON;EDİNİM
ACRONYM;KISALTILMIŞ SÖZCÜK
ACTİVİTY;FAALİYET
ADAPT;UYARLAMAK
ADDİCT;BAĞIMLI
ADDİCTİON TO;TİRYAKİLİK
ADDİTİON;EK,İLAVE
ADDİTİONALLY;AYRICA
ADDRESS;HİTABE, SÖYLEV
ADEQUATELY;YETERLİ BİR ŞEKİLDE
ADJUST;UYARLAMAK
ADJUSTMENT;DÜZELTME
ADMİNİSTER;İDARE ETMEK
ADMİRE;HAYRANOLMAK
ADMİT;KABULLENMEK, İTİRAF ETMEK
ADOPT;EVLAT EDİNMEK
ADORE;ÇOK SEVMEK
ADULT;YETİŞKİN
ADVENTURE;MACERA
ADVERSE;ZIT, KÖTÜ
ADVERTİSEMENT;REKLAM
ADVİCE;TAVSİYE
ADVOCATE;SAVUNMAK
AFFECT;ETKİLEMEK
AFFECTİON;ŞEVKAT
AFFORD;MADDİOLANAĞA SAHİPOLMAK
AFRAİD;KORKMUŞ
AGE;YAŞ
AGGRAVATE;KÖTÜYE GİTMEK, FENALAŞMAK
AGGRESSİVE;SALDIRGAN
AGREE;KATILMAK(BİRDÜŞÜNCEYE)
AİD;YARDIM ETMEK
AİRPLANE;UÇAK
ALİEN TO;YABANCI
ALLOW;İZİNVERMEK
ALONE;YALNIZ
ALONGSİDE;YANINDA
ALTER;DEĞİŞTİRMEK
ALTERATİON;DEĞİŞİKLİK
ALWAYS;HER ZAMAN
AMAZİNG;ŞAŞIRTICI
AMENDMENT;DEĞİŞİKLİK,
AMEND;  DÜZENLEME YAPMAK (KANUNDA)
AMOUNT;MİKTAR
AMUSİNG;EĞLENCELİ, ZEVKLİ
ANALOGY;BENZERLİK, BENZEŞME
ANALYSİS;ANALİZ
ANALYZE;ÇÖZÜMLEMEK
ANGRY;KIZGIN-SİNİRLİ
ANİMAL;HAYVAN
ANNİVERSARY;YILDÖNÜMÜ
ANNOTATE;YORUMLAMAK
ANNOUNCE;İLAN ETMEK
ANNUAL;YILLIK
ANSWER;CEVAPVERMEK
ANT;KARINCA
ANTİCİPATE;UMUT  ETMEK, BEKLEMEK
ANXİOUS;TEDİRGİN,ENDİŞELİ
APOLOGİZE;ÖZÜRDİLEMEK
APPALLİNG;KORKUNÇ
APPEAR;ORTAYAÇIKMAK
APPLİCATİON;BAŞVURU,MÜRACAAT
APPLY;BAŞVURMAK
APPOİNTMENT;ATAMA, TAYİN  RANDEVU
APPRECİATE;TAKDİR ETMEK, DEĞERİNİ BİLMEK
APPROACH;(BİR ŞEYE) YAKLAŞMAK
APPROPRİATE;UYGUN
APPROPRİATELY;UYGUN OLARAK
APPROVE OF;ONAYLAMAK,TASVİP ETMEK
APPROXİMATE;YAKLAŞIK,HEMEN HEMEN
ARCHİTECT;MİMAR
AREA;BÖLGE
ARGUE;TARTIŞMAK
ARGUMENT;TARTIŞMA
ARM;KOL
ARMY;ORDU
ARRANGE;DÜZENLEMEK, AYARLAMAK (TOPLANTI)
ARRİVE;VARMAK
ART;SANAT
ARTEFACT;İNSAN ELİYLE YAPILMIŞ SANAT
ARTİCULATE;TERCÜMAN OLMAK
ASCEND;YUKARI ÇIKMAK, TIRMANMAK
ASHAMED;UTANMIŞ
ASHTRAY;KÜLLÜK
ASK FOR;RİCADA BULUNMAK
ASPECTS;YÖN
ASPİRE;ŞİDDETLE ARZU ETMEK
ASSEMBLE;BİR ARAYA GETİRMEK
ASSERT;İDDİA ETMEK
ASSESS;DEĞERLENDİRMEK
ASSİGN;ATAMAK, TAYİN ETMEK
ASSİST SOMEBODY İN SOMETHİNG;BİRİNE BİR KONUDA YARDIM ETMEK
ASSOCİATE;İLİŞKİLENDİRMEK,ÇAĞRIŞIM YAPMAK
ASSUME;VAR SAYMAK
ASSUMPTİON;FARZ, VARSAYIM
ASSURE;BİRİNE TEMİNAT VERMEK,
ASTONİSHMENT;ŞAŞIRTMAK, ŞAŞIRMAK
ATTACH;İLİŞTİRMEK, EKLEMEK
ATTACK;SALDIRMAK, SALDIRI
ATTAİN;ELDE ETMEK, ERİŞMEK
ATTAİNMENT;ULAŞMAK, ERİŞMEK
ATTEND;İŞTİRAK ETMEK, KATILMAK
ATTENTİON;DİKKAT
ATTRACT;ETKİLEMEK
ATTRİBUTE;BİR SEBEBE/NEDENE DAYANDIRMAK
AUDİENCE;DİNLEYİCİLER
AUDİTORİUM;DİNLENME/İZLEME SALONU
AUNT;HALA-TEYZE
AUTHENTİC;ORİJİNAL, OTANTİK
AVAİLABLE;MEVCUT, VAR OLAN
AVERAGE;ORTALAMA
AVERT;OLMASINI ÖNLEMEK
AVOİDABLE;KAÇINILABİLİR, ENGELLENEBİLİR
AWARD;ÖDÜL
BACKGAMMON;TAVLA
BACKGROUND;ALT YAPİ, GEÇMİŞ
BACKWARD;GERİ KALMIŞ, GERİYE DOĞRU
BADLY İN NEED OF;BİR ŞEYE/BİRİNE ÇOK MUHTAÇ OLMAK
BAG;ÇANTA
BALL;TOP
BARELY;HEMEN HEMEN HİÇ
BARGAİN;PAZARLIK, ANLAŞMA ,KELEPİR EŞYA
BARREN;KURAK, VERİMSİZ
BASİC;TEMEL
BATH;BANYO
BAZAAR;PAZAR, ALIŞVERİŞ YERİ
BEAUTİFUL;GÜZEL
BEGİN;BAŞLAMAK
BEHAVE;DAVRANMAK
BELİEF;İNANÇ
BELİEVE;İNANMAK
BELL;ZİL
BELONG;AİTOLMAK
BELONGİNGS;BİRİNİN KİŞİSEL EŞYALARI
BELOVED;SEVGİLİ, HAZRET
BENEFİT;FAYDA
BET;BAHİS
BİLL;HESAP-FATURA
BİTE;ISIRMAK
BİTİNGLY SATİRİCAL;İNSAFSIZCA ELEŞTİRME
BİZARRE;TUHAF, ACAYİP
BLANKET;BATTANİYE
BLAZE;ALEV, PARLAMAK
BLEED;KANAMAK
BLOOD;KAN
BOARDİNGCARD;BİNİŞKARTI
BOARDİNGTİME;BİNİŞZAMANI
BODY;GÖVDE, BEDEN
BOİL;KAYNAMAK
BOLT;FIRLAYIP KAÇMAK
BONE;KEMİK
BOOKSTORE;KİTAPÇI
BORİNG;SIKICI
BORROW;ÖDÜNÇALMAK
BOSS;PATRON
BOTTLE;ŞİŞE
BOX;KUTU
BRAİN;BEYİN
BRAİNSTORM;BEYİN FIRTINASI ( YAPMAK)
BRAKE;FREN
BRANCH;DAL, BRANŞ
BRAND;MARKA
BRAVE;CESUR
BREAD;EKMEK
BREAK;KIRMAK
BREAK OFF;NİŞAN, NİKAH VB BOZMAK, AYRILMAK
BREED;YAVRULAMAK ,HAYVAN YETİŞTİRMEK
BRİBERY;RÜŞVET 
BRİDE;GELİN
BRİDGE;KÖPRÜ
BRİEF;ÖZET/ DİLEKÇE
BRİGHT;PARLAK
BRİNG;GETİRMEK
BRİNG UP;ÇOCUK BÜYÜTMEK,ORTAYA KONU ATMAK
BROADCAST;YAYIN
BROADLY SPEAKİNG;GENEL KONUŞMAK 
BROİL;IZGARA YAPMAK 
BRUSH;FIRÇA
BUİLD;İNŞAETMEK
BULB;AMPUL
BULLFİGHT;BOĞA GÜREŞİ
BULLY;KABADAYI, ZORBALIK YAPMAK
BURGLAR;SOYGUNCU
BURİAL;GÖMÜ, GÖMME
BURN;YAKMAK  YANMAK
BUSİNESS;İŞ
BUSY;MEŞGUL
BUTTER;TEREYAĞI
BUTTON;DÜĞME
CABLE;KABLO
CALCULATE;HESAPLAMAK
CALCULATOR;HESAP MAKİNESİ
CALENDAR;TAKVİM
CALL;ARAMAK
CALL FOR;TALEP ETMEK, İSTEMEK
CALM;SAKİN
CAN;KONSERVEKUTUSU
CAN’T TAKE ONE’S EYES OFF;GÖZLERİNİ BİRİNDEN VEYA BİR ŞEYDEN ALAMAMAK
CANCEL;İPTAL ETMEK
CAP;KASKET,BAŞLIK
CAPİTAL;BAŞKENT
CAPTİON;BAŞLIK / İSTEK
CAPTİVATİNG;BÜYÜLEYİCİ
CAPTİVE;TUTSAK, ESİR
CAPTİVİTY;TUTSAKLIK, ESARET
CAPTURE;YAKALAMAK,TUTSAK ETMEK
CARELESS;DİKKATSİZ
CARPENTER;MARANGOZ
CARPET;HALI
CARRY;TAŞIMAK
CARRY OUT;ÇALIŞMA YÜRÜTMEK, İCRA ETMEK
CARTOON;ÇİZGİFİLM
CARVE;TAHTA VB OYMAK, ET VB KESMEK
CASH;NAKİTPARA
CASUALLY;GÜNLÜK, SIRADAN 
CATCH;YAKALAMAK
CATEGORY;KATEGORİ
CAUSE;NEDEN OLMAK
CAUTİON;UYARI, DİKKAT
CEASE;SONA ERDİRMEK, DURDURMAK
CEASELESS;ARALIKSIZ, DURMADAN
CELEBRATİON;KUTLAMA
CELEBRİTY;ÜNLÜ
CENSUS;NÜFUS SAYIMI
CEREMONY;TÖREN
CERTAİN;KESİN
CHAİR;SANDALYE
CHANCE;ŞANS,İMKAN
CHANGİNGROOM;SOYUNMAODASI
CHARACTER;KARAKTER, HUY
CHARACTERİSTİC;ÖZELLİK
CHARACTERİZE;VASIFLANDIRMAK, TANIMLAMAK
CHARGE WİTH; İLE ŞARJ
CHART;PLAN, HARİTA, ÇİZELGE
CHEAP;UCUZ
CHEESE;PEYNİR
CHERRY;KİRAZ
CHESS;SATRANÇ
CHEWİNGGUM;SAKIZ
CHİCKEN;TAVUK
CHİN;ÇENE
CHOOSE;SEÇMEK
CHRONOLOGY;KRONOLOJİ
CHURCH;KİLİSE
CİRCULATE;DOLAŞMAK, DOLAŞTIRMAK
CİRCULATİON;DOLAŞIM, GÜNLÜK SATIŞ ORANI
CİTATİON;BİR YAPITTAN BİR BAŞKASINA AKTARMA/ MAHKEME CELBİ
CİTE;ÖRNEKLEMEK, ADINDAN BAHSETMEK
CİTİZEN;VATANDAŞ
CLAİM;İDDİA ETMEK
CLARİFY;AÇIKLAMAK
CLASS;SINIF
CLAW;PENÇE 
CLEAN;TEMİZLEMEK
CLEAR;AÇIK,NET
CLEARANCE; TASFİYE,İZİN
CLEVER;AKILLI
CLİENT;MÜŞTERİ
CLİMB;TIRMANMAK
CLOCK;SAAT
CLOSE;SIFAT YAKIN
CLOSED;KAPALI
CLOSURE;KAPANIŞ  İFLAS
CLOTH;KIYAFET
CLOUD;BULUT
CLUE;İPUCU
COACH;KOÇ,ANTRENÖR
COAL;KÖMÜR
COAST;KIYI
COAT;KABAN
CODE;ŞİFRE
COHERENT;TUTARLI , UYUMLU
COİNCİDE WİTH;TESADÜF ETMEK
COLD;SOĞUK
COLLAPSE;BİNA VB İÇİN ÇÖKMEK  BAYILMAK
COLLAPSİBLE;KATLANABİLİR KANEPE VB
COLLAR;YAKA  TASMA
COLLEAGUE;İŞ ARKADAŞI
COLLECT;TOPLAMAK
COLLİDE WİTH;ÇARPIŞMAK
COMMENCE;BAŞLAMAK
COMMENT;YORUM
COMMENT ON;YORUM YAPMAK
COMMERCE;TİCARET
COMMERCİAL;REKLAM,TİCARİ
COMMİT;YELTENMEK ,SUÇ İŞELEMEK ,KENDİNİ İŞİNE ADAMAK
COMMON;ORTAK  SIRADAN, YAYGIN
COMMONPLACE;YAYGIN, SIRADAN
COMMUNİTY;CEMİYET
COMMUTER;EV İLE İŞ ARASINDA MEKİK DOKUYAN/GİDİP GELEN
COMPANİON;DOST, ARKADAŞ
COMPANY;ARKADAŞLIK, DOSTLUK  ŞİRKET
COMPARE;KARŞILAŞTIRMAK
COMPEL;ZORLAMAK, MECBUR BIRAKMAK
COMPENSATİON FOR;TAZMİNAT ÖDEMEK  TELAFİ ETMEK
COMPETE;REKABET ETMEK, YARIŞMAK ***COMPETİTİON
COMPETE AGAİNST;BAŞKASIYLA YARIŞMAK, REKABET ETMEK
COMPETE WİTH;BAŞKASIYLA AYNI YERDEN BESLENMEK/GEÇİM SAĞLAMAK
COMPETİTİON;REKABET  MÜSABAKA, YARIŞ
COMPİLE;DERLEMEK, TOPARLAMAK
COMPLAİNT;ŞİKAYET
COMPLEMENT;TAMAMLAMAK
COMPLETE;BİTİRMEK, TAMAMLAMAK
COMPLETELY;TAMAMEN, BÜTÜNÜYLE
COMPLY WİTH;--- E UYMAK,--- E İTAAT ETMEK
COMPOSE;OLUŞTURMAK, MEYDANA GETİRMEK
COMPOSİTİON;BİLEŞİM, KOMPOZİSYON
COMPOUND;ETRAFI ÇEVRİLİ MEKAN
COMPRİSE;İÇERMEK
COMPUTE;HESAP YAPMAK
CONCEAL;GİZLEMEK, SAKLAMAK
CONCEİVE;ANLAMAK
CONCEİVE AS; TASARLANAN
CONCENTRATE;KONSANTREOLMAK
CONCİSE;AZ, ÖZ, KISA
CONCLUDE;SONUÇ ÇIKARMAK
CONCLUSİON;SONUÇ, NETİCE, YARGI
CONCRETE;SOMUT/ BETON
CONDİTİON;DURUM,KOŞUL
CONDİTİONALLY;ŞARTLI OLARAK
CONDİTİONS;ŞARTLAR
CONDUCT;YÜRÜTMEK
CONFESS;İTİRAF ETMEK
CONFİDENT OF;EMİN
CONFİNE TO;SINIRLAMAK, BİR YERE MAHKUM ETMEK
CONFİRM;ONAYLAMAK, DOĞRULAMAK
CONFLİCT;ÇATIŞMA, SAVAŞ  ANLAŞAMAMA, TARTIŞMA
CONFLİCT WİTH;ÇATIŞMAK, ÇARPIŞMAK, SAVAŞMAK
CONFORM TO;UYMAK, UYUŞMAK
CONFRONT;KARŞILAŞMAK, YÜZ YÜZE GELMEK
CONFUSE;KARIŞTIRMAK, ŞAŞIRMAK
CONFUSED;KAFASIKARIŞIK,ALLAKBULLAK
CONGRATULATE;TEBRİKETMEK
CONGRESS;KONGRE,MECLİS
CONNECT;BAĞLANMAK
CONQUER;FETHETMEK,YENMEK, GALİP GELMEK
CONSENT;RAZI OLMAK  İZİN,RIZA
CONSENT TO;RAZI OLMAK
CONSEQUENCE;SONUÇ, NETİCE
CONSERVE;KORUMAK, MUHAFAZA ETMEK
CONSİDER;DİKKATE ALMAK, DÜŞÜNMEK
CONSİDERABLE;BÜYÜK ÖLÇÜDE, ÖNEMLİ MİKTARDA
CONSİDERABLY;ÖNEMLİ ÖLÇÜDE, OLDUKÇA
CONSİDERATELY;DÜŞÜNCELİ/NAZİK BİR ŞEKİLDE
CONSİDERATİON;GÖZ ÖNÜNDE BULUNDURMA/DÜŞÜNME
CONSİST;OLUŞMAK
CONSİST OF;İBARET OLMAK, MEYDANA GELMEK
CONSİSTENT;TUTARLI
CONSİSTENTLY;SÜREKLİ OLARAK
CONSPİRE AGAİNST;BİRİNE KOMPLO KURMAK
CONSTANT;SÜREKLİ
CONSTİTUTE;MEYDANA GETİRMEK, OLUŞTURMAK
CONSTRAİN;ZORLAMAK
CONSTRUCT;İNŞA ETMEK, YAPMAK
CONSTRUCTİON;İNŞAAT
CONSULT;DANIŞMAK
CONSUME;TÜKETMEK
CONTACT;İRTİBATAGEÇMEK
CONTACT WİTH;İRTİBATA GEÇMEK
CONTEMPORARY;ÇAĞDAŞ, AYNI ÇAĞDA YAŞAYAN
CONTEND;İLERİ SÜRMEK, YARIŞMAK, ÇEKİŞMEK
CONTEST;YARIŞMA, MÜSABAKA 
CONTEXT;SÖZ GELİMİ
CONTİNENT;KITA
CONTİNUE;DEVAMETMEK
CONTİNUUM;DEVAMLİ VE ARALIKSIZ BİR BÜTÜN
CONTRACT;SÖZLEŞME YAPMAK  KÜÇÜLMEK, BÜZÜLMEK
CONTRADİCT;AKSİNİ İDDİA ETMEK,ÇELİŞMEK
CONTRADİCTORY;ÇELİŞKİLİ, TUTARSIZ
CONTRİBUTE;KATKIDABULUNMAK
CONTRİBUTE TO;KATKIDA BULUNMAK
CONTROL;KONTROL ETMEK, İDARE ETMEK
CONTROVERSİAL;TARTIŞMALI, FİKİR AYRILIĞINA SEBEP OLAN
CONTROVERSY;ANLAŞMAZLIK, FİKİR AYRILIĞI
CONVENTİONAL;GELENEKSEL, ALIŞILAGELEN
CONVERSE;KARŞIT, ZIT  KONUŞMAK
CONVERT;DÖNÜŞTÜRMEK
CONVERT İNTO;DÖNÜŞTÜRMEK
CONVEY;NAKLETMEK, TAŞIMAK
CONVİCT;MAHKUM, TUTUKLU
CONVİNCE;İKNA ETMEK
COOKİES;KURABİYE
COOL;HAVALI,SERİN
COPY;KOPYALAMAK
CORRECT;DOĞRU
CORRECTLY;DOĞRU BİR ŞEKİLDE, DÜZGÜNCE
CORRELATE;İKİ ŞEY ARASINDA İLİŞKİ KURMAK
CORRESPOND;UYMAK, UYGUN GELMEK
CORRESPOND TO;BİR ŞEYLE UYMAK
CORRESPOND WİTH;BİRİSİ İLE YAZIŞMAK
COST;TUTAR,MALİYET
COTTON;PAMUK
COUCH;KANEPE
COUGH;ÖKSÜRMEK
COUNTERPART;KARŞILIĞI, DENGİ
COUNTRY;ÜLKE
COUPLE;ÇİFT
COURSE;GİDİŞAT, İLERLEME 
COURT;MAHKEME
COW;İNEK
CRAMPED;HİJYENİK OLMAYAN
CRASH;KAZA,YERE DÜŞME , ÇARPMA
CRAWL;EMEKLEMEK
CRAZY;ÇILGIN
CREATE;YARATMAK
CREDİBLE;İNANILIR, GÜVENİLİR
CREDİBLY;İNANILIR BİR ŞEKİLDE
CREDİT;GÜVEN, İTİBAR, İNANMA
CRİMİNAL;SUÇLU
CRİPPLED;FELÇLİ, KÖTÜRÜM
CRİTERİA;ÖLÇÜTLER
CRİTİQUE;ELEŞTİRİ, TENKİT
CROCODİLE;TİMSAH
CROSS OUT;ÜSTÜNÜ ÇİZMEK, SİLMEK
CROSSWORD;BULMACA
CRUCİAL;KESİN, CİDDİ, ÖNEMLİ
CRUEL;ZALİM
CRUMBLE;UFALANMAK, PARÇALANMAK
CRY;AĞLAMAK
CULTİVATE;TARIM YAPMAK
CUMULATİVE;TOPLAM, BİRİKMİŞ
CURATOR;SANAT GALERİSİ/MÜZE/KÜTÜPHANE GÖREVLİSİ
CURİOUS;MERAKLI
CURRENCY;DÖVİZ
CURVE;EĞİM, EĞMEK
CUSTOM;GELENEK, GÖRENEK
CUSTOMARY;GELENEKSEL
CUSTOMER;MÜŞTERİ
CUSTOMS;GÜMRÜK,TÖRE
CUT;KESMEK
CUTE;ŞİRİN
DAİLY;GÜNLÜK
DAMAGE;ZARARVERMEK
DANGEROUS;TEHLİKELİ
DARK;KOYU-KARANLIK
DASHBOARD;GÖSTERGEPANELİ
DEAD;ÖLÜ
DEADLİNE;SONTARİH
DEBATE;TARTIŞMAK
DEBT;BORÇ
DECEİT;KANDIRMAK 
DECEİVE;ALDATMAK,KANDIRMAK
DECİDE;KARARVERMEK
DECİPHER;ŞİFRESİNİ ÇÖZMEK
DECLARE;İLAN ETMEK, BEYAN ETMEK
DECLİNE;AZALMAK, KİBARCA REDDETMEK
DEDİCATE;KENDİNİ ADAMAK
DEDİCATE TO;KENDİNİ ADAMAK
DEDUCE;ANLAMAK, NETİCE ÇIKARMAK
DEDUCTİON;TÜMEVARIM, SONUÇ
DEEP;DERİN
DEEPEN;DERİNLEŞTİRMEK, DERİNLEŞMEK
DEFEAT;YENMEK, BOZGUNA UĞRATMAK
DEFECT;BOZUKLUK, KUSUR, SAKATLIK
DEFEND;SAVUNMAK
DEFİNE;TANIMLAMAK
DEFLATİON;DEFLASYON,ÇÖKME
DEGENERATİON;YOZLAŞMA, ASLINI KAYBETME
DELAY;GECİKTİRMEK
DELETE;SİLMEK
DELİCİOUS;LEZZETLİ
DELİGHTFUL;ZEVKLİ, HOŞ
DELİVER;SİPARİŞİ DAĞITMAK/TESLİM ETMEK
DEMAND;TALEP, İSTEK  TALEP ETMEK, İSTEMEK
DEMOBİLİZE;ASKERDEN TERHİS ETMEK
DEMOLİSH;YIKMAK, PARÇALAMAK
DEMONSTRATE;(UYGULAMALI BİR ŞEKİLDE) GÖSTERMEK
DENTİST;DİŞHEKİMİ
DENY;İNKAR ETMEK  YAPMASINI YASAKLAMAK
DEPEND;DAYANMAK/BAĞLIOLMAK
DEPİCT;ÇİZMEK, RESMETMEK
DEPRESS;ÜZMEK
DERİVE;TÜRETMEK, KAYNAKLANMAK
DERİVE FROM;ÇIKARMAK, GELMEK
DESCEND;İNMEK, AZALMAK
DESCRİBE;TANIMLAMAK, TARİF ETMEK
DESERT;ÇÖL
DESERVE;HAK ETMEK
DESİGN;PLAN ÇİZMEK, TASARLAMAK
DESİRE;İSTEK,  ARZU ETMEK
DESOLATE;MUTSUZ, KEDERLİ
DESSERT;TATLI
DESTİNATİON;HEDEF, VARILACAK YER
DESTİNY;KADER, KISMET
DESTROY;YIKMAK, YOK ETMEK
DETAİL;AYRINTI
DETAİN;ALIKOYMAK, GÖZ ALTINDA TUTMAK
DETECT;MEYDANA ÇIKARMAK, İŞİN ASLINI ORTAYA ÇIKARMAK
DETECTİON;TEŞHİS ETMEK, BELİRLEMEK
DETER SOMEONE FROM;CAYDIRMAK, ENGEL OLMAK
DETERİORATE;KÖTÜLEŞMEK, KÖTÜYE GİTMEK
DETERMİNATİON;AZİM, KARARLILIK
DETERMİNE;KARAR VERMEK
DEVALUATİON;DEĞERDÜŞÜRME
DEVASTATE;YIKMAK, TAHRİP ETMEK
DEVELOP;GELİŞMEK
DEVİATE;SAPMAK, YÖNÜNÜ DEĞİŞTİRMEK
DEVİSE;TASARLAMAK, PLAN YAPMAK
DEVOTE;ADAMAK
DİAGNOSE;TEŞHİS
DİAGNOSE AS;TEŞHİS ETMEK
DİAMOND;ELMAS
DİCTİON;İFADE, TELAFFUZ
DİE;ÖLMEK
DİFFERENTİATE;AYIRT ETMEK
DİFFİCULT;ZOR
DİMENSİON;BOYUT
DİMİNİSH;AZALTMAK
DİRECT;YÖNETMEK ,YOL GÖSTERMEK
DİRECTİON;YÖNVERMEK
DİRTY;KİRLİ
DİSAPPEAR;ORTADANKAYBOLMAK
DİSAPPEARANCE;ORTADAN/GÖZDEN KAYBOLMAK
DİSAPPOİNT;HAYALKIRIKLIĞINAUĞRAMAK
DİSCİPLİNE;DİSİPLİN
DİSCLOSE;AÇIĞA ÇIKARMAK, GÜN IŞIĞINA ÇIKARMAK
DİSCOVER;KEŞFETMEK
DİSCRİMİNATE;AYIRT ETMEK
DİSCRİMİNATE AGAİNST;IRK, YAŞ, CİNSİYET VB AYRIMCILIK YAPMAK
DİSCUSS;TARTIŞMAK
DİSCUSS ABOUT;TARTIŞMAK
DİSEASE;HASTALIK, MARAZ
DİSMİSS;KOVMAK İŞTEN, KAFASINDAN ÇIKARMAK
DİSMİSSAL;KOVMA, BAŞINDAN SAVMA
DİSPATCH;GÖNDERMEK, YOLLAMAK
DİSPLAY;GÖSTERMEK, SERGİ *** ON DİSPLAY
DİSPLEASED;HOŞNUT KALMAMIŞ, MEMNUN OLMAYAN
DİSPOSE OF;BAŞINDAN ATMAK, --- DEN KURTULMAK
DİSPUTE;TARTIŞMAK, ANLAŞAMAMAK
DİSQUALİFY;DİSKALİFİYE ETMEK, ELEMEK, YETERSİZ GÖRMEK
DİSSEMİNATE;BİLGİ, FAKİR VB YAYMAK, DAĞITMAK
DİSTANCE;MESAFE
DİSTİNCT;FARKLI, AYRI, BAĞIMSIZ
DİSTİNGUİSH;AYIRMAK, FARKINI SÖYLEMEK
DİSTORT;OLAYIN ASLINI ÇARPITMAK, FARKLI BİR ANLAM YÜKLEMEK
DİSTRESS;TEHLİKE  ACI, ISTIRAP
DİSTRİBUTE;DAĞITMAK
DİSTRİBUTİON;DAĞITIM
DİSTURB;RAHATSIZETMEK
DİVERT;TRAFİK YÖNÜNÜ VB SAPTIRMAK, BAŞKA YÖNE ÇEVİRMEK
DİVORCED;BOŞANMIŞ
DİZZY;BAŞI DÖNEN, KENDİNİ BAYILACAK GİBİ HİSSEDEN
DOCİLE DOSAYL;UYSAL, EVCİL
DOMAİN;MÜLK, ALAN, ÇEVRE
DOMİNATE;EGEMEN/BASKIN OLMAK, HAKİM OLMAK, İDARESİ ALTINA ALMAK
DONATE;PARA, KAN VB BAĞIŞ YAPMAK
DONATİON;PARA, KAN VB BAĞIŞ YAPMAK
DOWRY;ÇEYİZ
DRAFT;MÜSVEDDE, TASLAK
DRAMATİC;TİYATRO İLE İLGİLİ
DRAW;ÇİZMEK  ,PERDE ÇEKMEK, KENARA ALMAK ,SONUÇ ÇIKARMAK 
DRAWER;ÇEKMECE
DREADFUL;KORKUNÇ
DREAM;RÜYA
DRESS CODE;BİR İŞYERİNDE VEYA OKULDA KIYAFET GENELGESİ
DRUG ADDİCT;EROİN BAĞIMLISI
DRUG DEALER;EROİN TİCARETİ YAPAN KİŞİ
DUSTBİN;ÇÖP KUTUSU
EAGER;HEVESLİ
EARLY;ERKEN
EARN;KAZANMAK
EARRİNG;KÜPE
EARTH*****;DEPREM
EDİT;DÜZELTMEK, EDİTÖRLÜK YAPMAK
EDİTİON;KİTAP İÇİN BASIM, BASKI, YAYIN
EDUCATE;EĞİTMEK
EFFECT;ETKİ, TESİR
ELBOW;DİRSEK
ELECT;SEÇMEK
ELECTİON;SEÇİM
ELEMENT;UNSUR, ÖGE
ELEPHANT;FİL
ELEVATOR;ASANSÖR
ELİMİNATE;ELEMEK, DEN KURTULMAK
ELİMİNATİON;ORTADAN KALDIRMA, YOK ETME, BERTARAF ETME  HESABA KATMAMA
EMBARRASS;UTANDIRMA
EMBASSY;BÜYÜKELÇİLİK
EMBRACE;KUCAKLAMAK
EMERGE;ORTAYA ÇIKMAK
EMERGENCY;ACİL
EMPHASİZE;VURGULAMAK
EMPLOY;İŞE ALMAK  METOT, YÖNTEM VB UYGULAMAK
EMPTY;BOŞALTMAK  BOŞ
EMULATE;TAKLİT ETMEK,
ENABLE;OLANAKLI KILMAK
ENCLOSE;ÇEVRESİNİ SARMAK
ENCOUNTER;KARŞILAŞMAK  TO FACE
ENCOURAGE;TEŞVİK ETMEK
ENDURE;DAYANMAK
ENEMY;DÜŞMAN
ENGAGED;NİŞANLI
ENGİNEER;MÜHENDİS
ENHANCE;BÜYÜLEMEK
ENHANCEMENT;YÜKSELTME, ARTIRMA, ÇOĞALTMA
ENJOY;TADINIÇIKARMAK
ENLARGE;BÜYÜTMEK, GENİŞLETMEK
ENOUGH;YETERLİ
ENQUİRE;SORUŞTURMAK
ENSLAVE;KÖLELEŞTİRMEK, ESİR ETMEK
ENSURE;BİRİNİ TEMİN ETMEK/EMİN KILMAK, BİRİNE GARANTİ VERMEK
ENTERPRİSE;İŞLETME,ŞİRKET
ENTERTAİN;EĞLENDİRMEK
ENTERTAİNMENT;EĞLENCE
ENTİRELY;TAMAMEN
ENTRANCE;GİRİŞ
ENTREPRENEUR;GİRİŞİMCİ,İŞLETMECİ
ENVY;KISKANMAK, İMRENMEK
EPİC;DESTAN
EQUAL;EŞİT, DENK, ADİL
EQUALİTY;EŞİTLİK
EQUATE;EŞİTLEMEK
EQUİP;DONATMAK
EQUİVALENT;EŞİTLİK
ERASER;SİLGİ
ERODE;YIPRATMAK, AŞINMAK
ERROR;HATA
ERUPT;PATLAMAK
ESCAPE;ÇIKIŞ,KAÇIŞ
ESSAY;MAKALE,DENEME
ESSENTİAL;GEREKLİ, ESAS, BASLİCA
ESTABLİSH;KURMAK, YAPMAK, DOĞRULUĞUNU KANITLAMAK, KABUL ETTTİRMEK
ESTİMATE;TAHMİN ETMEK
ETERNAL;KALICI, EBEDİ
EVALUATE;DEĞERLENDİRMEK
EVALUATİON;DEĞERLENDİRME
EVENT;OLAY, HADİSE, VAK'A
EVİDENCE;KANIT
EVİDENTLY;AÇIK VE ŞÜPHE GÖTÜRMEZ BİR ŞEKİLDE, DELİLLERE DAYANARAK
EVOLVE;GELİŞTİRMEK
EXAGGERATE;ABARTMAK
EXAGGERATED;ABARTILI, MÜBALAĞALI
EXAMİNE;İNCELEMEK, SORGULAMAK, MUAYENE ETMEK
EXAMPLE;ÖRNEK
EXCAVATE;KAZI YAPMAK
EXCEED;AŞMAK
EXCELLENT;MUHTEŞEM
EXCERPT;ÖZEL BASKİ, ALINTI
EXCESSİVE;AŞIRI, ABARTILI SAYIDA, MİKTARDA
EXCHANGE;TAKAS ETMEK, DEĞİŞ TOKUŞ ETMEK
EXCLUDE;DIŞINDA TUTMAK,ÇIKARMAK
EXCLUSİVE TO;HERKESE AÇIK OLMAYAN, ÖZEL OTEL, TATİL YERİ VB
EXCLUSİVELY;SADECE, YALNIZCA
EXCURSİON;KEŞİF GEZİSİ
EXERCİSE;EGZERSİZ, ÇALİSMA
EXHAUSTED;ÇOKYORGUN,TÜKENMİŞ
EXHİBİT;SERGİ ,SERGİLEMEK
EXİST;VAR OLMAK, MEVCUT HALE GELMEK
EXİSTENCE;VAR OLUŞ, MEVCUT OLMA
EXPAND;GENİŞLEMEK, BÜYÜMEK, NÜFUZ OLARAK ARTMAK
EXPECT;UMMAK, BEKLEMEK
EXPECTATİON;UMUT, BEKLENTİ
EXPENSE;MASRAF
EXPENSİVE;PAHALI
EXPERİENCE;DENEYİM, TECRÜBE ETMEK, YAŞAMAK
EXPİRE;YİYECEK, İLAÇ VB İÇİN SON KULLANMA TARİHİ GELMEK, MİADI DOLMAK
EXPİRY DATE;SON KULLANMA TARİHİ
EXPLAİN;AÇIKLAMAK
EXPLODE;PATLAMAK
EXPLOİT;PATLATMAK, SÖMÜRMEK
EXPLORE;KEŞFETMEK,ARAŞTIRMAK
EXPORT;İTHAL ETMEK
EXPOSE;AÇIKLAMAK, ARZ ETMEK
EXPOSİTORY;İZAH EDİCİ, AÇIKLAYICI
EXPRESS;İFADE ETMEK, İLETMEK  ÇABUK, HIZLI
EXTEND;TATİLİN, ÖDEVİN VB SÜRESİNİ UZATMAK
EXTRACT;ÖZET, ELDE ETMEK, ÇEKİP ÇIKARMAK ÜZÜMDEN SİRKE ELDE ETMEK GİBİ
EXTRAORDİNARY;FEVKALADE, OLAĞANÜSTÜ
EYEBROW;KAŞ
EYELASH;KİRPİK
EYELİD;GÖZKAPAĞI
FABRİCATE;UYDURMAK
FACE;YÜZ
FACİLİTATE;KOLAYLAŞTIRMAK
FACT;GERÇEK
FACTOR;FAKTÖR
FACTORY;FABRİKA
FADE;SOLMAK  SOLGUN
FAİL;BAŞARISIZOLMAK
FAİLURE;BAŞARISIZLIK
FAİNT;BAYILMAK
FAİRLY;OLDUKÇA
FALSİFY;HESAPLAR ÜZERİNDE OYNAMAK  SAHTEKARLIK YAPMAK
FAMİLİAR WİTH;AŞİNA, TANIDIK
FAMİSH;AÇ KALMAK, AÇLIKTAN ÖLMEK
FAMOUS;ÜNLÜ
FAN;HAYRAN
FAR;UZAK
FARE;OTOBÜS, UÇAK VB İÇİN FİYAT
FARM;ÇİFTLİK
FAT;ŞİŞMAN
FATAL;ÖLÜMCÜL ***FATALLY İNJURED
FAVOURABLE;OLUMLU, YAPICI
FEATURE;ÖZELLİK
FEEL;HİSSETMEK
FEMALE;KADIN
FERTİLİZE;TOPRAĞI VB VERİMLİ HALE GETİRMEK, VERİMLİ KILMAK
FETCH;GİDİP GETİRMEK
FİANCÉ;ERKEK NİŞANLI
FİANCÉE;KIZ NİŞANLI
FİELD TRİP;KIR GEZİSİ, ARAZİ GEZİSİ
FİERCE;ŞİDDETLİ, KIYASIYA, ÇETİN REKABET VB  AZGIN, AZMIŞ KÖPEK VB
FİGHT;KAVGAETMEK
FİGURATİVE;MECAZİ, SEMBOLİK
FİGURE;ŞEKİL, VÜCUT YAPİSİ,FİGÜR  RAKAM, SAYI  FİGURE OUT
FİLL;DOLDURMAK
FİLTHY;PİS, KİRLİ  DAYANIKSIZ, SAĞLAM OLMAYAN
FİNANCE;FİNANSE ETMEK, PARACA DESTEKLEMEK
FİNE;İNCE İNCE/KÜÇÜK DOĞRANMIŞ ET, PATATES VB  İYİ, GÜZEL  PARA CEZASI
FİNGER;PARMAK
FİRE;ATEŞ-YANGIN
FİREWORK;HAVAİ FİŞEK
FİRSTAİD;İLKYARDIM
FİT;SAĞLIKLI, ZİNDE, SIHHATİ YERİNDE
FLAG;BAYRAK
FLAT;APARTMANDAİRESİ
FLATMATE;EV ARKADAŞI
FLATTERY;BİRİNE YAĞ ÇEKME
FLEE;KAÇMAK
FLEECE;KOYUN POSTU YÜNLÜ *** HİDE
FLİGHT;UÇUŞ  UÇAK
FLOOR;YER,ZEMİN
FLOUR;UN
FLOW;NEHİR VB İÇİN AKMAK *** OVERFLOW
FLUCTUATE;DALGALANMAK, İSTİKRARLI GİTMEMEK, BİR ARTMAK BİR AZALMAK
FOCUS;ODAK
FOCUS ON;ODAKLANMAK, YOĞUNLAŞMAK
FOG;SİS
FOLD;KATLAMAK, KIVIRMAK, BÜKMEK  BİR ŞEYİN --- KATI
FOLLOW;TAKİPETMEK
FOOD;GIDA,YİYECEK
FOOTER;FUTBOL
FORCE;ZORLAMAK
FORCEFUL;GÜÇLÜ, ZORLU  ETKİLİ, İKNA EDİCİ
FORECAST;ÖNCEDEN TAHMİN ETMEK
FOREİGN;YABANCI
FORESHADOW;BELİRTİSİ OLMAK
FORGE;TAKLİDİNİ YAPMAK, SAHTESİNİ ÇIKARMAK
FORGERY;SAHTEKARLIK
FORGİVE;AFFETMEK
FORK;ÇATAL
FORM;FORM, ŞEKİL
FORMAL;RESMİ
FORMAT;BİÇİM, BOYUT
FORMER;ÖNCEKİ, ESKİ
FORMERLY;EVVELKİ, ÖNCEKİ
FORMULATE;FORMÜLLEŞTİRMEK, FORMÜLE DÖKMEK
FORTHCOMİNG;YAKINLAŞMAKTA OLAN, GELMEKTE OLAN  CHRİSTMAS VB
FORTİFY;TAKVİYE ETMEK, SAĞLAMLAŞTIRMAK, KUVVETLENDİRMEK
FRACTURE;KIRILMAK, ÇATLAMAK  KEMİK, KOLON VB
FRAGMENT;PARÇA
FRAİL;ZAYIF, CILIZ
FRAME;ÇERÇEVE
FREED;SERBEST KALMIŞ, ÖZGÜR
FREQUENTLY;SIK SIK
FRESH;TAZE
FRİENDLY;ARKADAŞÇA
FRONT;ÖN
FRUİT;MEYVE
FUEL;AKARYAKIT
FULFİL;GÖREV, SORUMLULUK VB YERİNE GETİRMEK, İCRA ETMEK
FUNDAMENTAL;ESAS, TEMEL, ZORUNLU
FUNERAL;CENAZE
FUNNY;KOMİK
FURNİTURE;MOBİLYA
FUSSY;AŞIRI TİTİZ
FUTURE;GELECEK
FUZZY;TÜYLÜ
GARDEN;BAHÇE
GARLİC;SARIMSAK
GATE;KAPI
GATHER;TOPLAMAK, BİR ARAYA GETİRMEK  BİR ARAYA GELMEK
GENDER;CİNSİYET
GENERAL;GENEL
GENERATE;ISI, ELEKTRİK VB ÜRETMEK  TARTIŞMA VB ORTAYA ATMAK
GENEROUS;CÖMERT
GENRE;TARZ, ÜSLUP
GENTLE;NAZİK
GET RİD OF;BAŞINDAN ATMAK, DEFETMEK
GİANT;DEV X DWARF
GİFT;HEDİYE
GİVE UP;VAZGEÇMEK, BIRAKMAK
GLAD;MUTLU
GLANCE;GÖZ ATMAK
GLASS;BARDAK
GLOOM;KARANLIK ***GLOOMY
GLORİFY;YÜCELTMEK, ÖVMEK
GLOVE;ELDİVEN
GOAL;AMAÇ, GAYE
GOVERN;YÖNETMEK
GOVERNMENT;HÜKÜMET
GOVERNOR;VALİ
GRAB;KAPMAK, EL KOYMAK
GRADUALLY;YAVAŞ YAVAŞ, KADEMELİ OLARAK
GRADUATE;MEZUNOLMAK
GRANT;VERMEK, BAHŞETMEK BURS, BAĞIŞ VB
GRAPE;ÜZÜM
GRAPH;GRAFİK
GRAPHİC;GRAFİKLE İLGİLİ
GRASP;BİR NESNEYİ KAVRAMAK  BİR KONUYU KAVRAMAK, ANLAMAK
GRASS;OT,ÇİMEN
GRAVEYARD;MEZARLIK
GROCER;BAKKAL,MARKET
GROOM;DAMAT
GROUND;ZEMİN
GROW;BÜYÜMEK,BÜYÜTMEK
GROWL;KÖPEK VE BENZERİ HAYVANLARIN ÇIKARDIĞI HIRLAMA SESİ
GUESS;TAHMİNETMEK
GUİDE;REHBER, REHBERLİK ETMEK
GUİLTY;SUÇLU
GUN;TABANCA
HABİT;ALIŞKANLIK
HALF;YARIM
HAND;EL
HANDSOME;YAKIŞIKLI
HARASS;SALDIRMAK, TACİZ ETMEK ******UAL HARASSMENT
HARBOUR;LİMAN  BARINDIRMAK, SAĞLAMAK
HARD;SERT
HARDSHİP;ZORLUK
HARDWARE;DONANIM
HARMFUL;ZARARLI
HARSHLY;SERT BİR ŞEKİLDE  KABACA
HASTEN;ACELE ETMEK
HATE;NEFRETETMEK
HAVOC;HASAR, YIKIM
HAZARD;TEHLİKE
HAZARDOUS;TEHLİKELİ
HEADER;BAĞLANTI, BAG
HEADİNG;BAŞLIK
HEADLİGHT;FAR
HEALTH;SAĞLIK
HEAR;DUYMAK
HEART;KALP
HEAVY;AĞIR
HECTİC;HEYECANLI, TELAŞLI, HAREKETLİ PROGRAM, OFİS VB
HESİTATE;DURAKLAMA
HİDE;SAKLAMAK
HİGH;YÜKSEK
HİGHLİGHT;İLGİNÇ OLAY
HİGHLY;OLDUKÇA, EPEY
HİNDER;ENGEL, MANİ  ENGEL OLMAK, MANİ OLMAK
HİRE;KİRALAMAK  İŞE ALMAK
HİSTORY;TARİH
HİT;ÇARPMAK
HİTCHHİKER;OTOSTOPÇU
HOLD;TUTMAK
HOLLOW;OYUK, BOŞLUK AĞAÇ KOVUĞU VB *** HOLLOW PROMİSE
HONEST;DÜRÜST
HOPE;UMMAK
HOPEFULLY;İNŞALLAH
HORRİBLE;KORKUNÇ
HORROR;KORKU
HOST;MİSAFİRETMEK
HUGE;İRİ, BÜYÜK
HUMİLİATE;AŞAĞILAMAK, REZİL ETMEK, UTANDIRMAK
HUMOUR;ESPRİ,MİZAÇ
HUNGRY;AÇ
HUNTER;AVCI
HURRİCANE HÖRİKEYN;KASIRGA
HURT;İNCİTMEK
HYPOTHESİZE;VARSAYIMDA BULUNMAK
İCEBERG;BUZ DAĞI
İDEA;FİKİR
İDENTİFY;TEŞHİS ETMEK, KİMLİĞİNİ BELİRLEMEK, SINIFLANDIRMAK
İDLE;TEMBEL
İGNORE;GÖRMEZDEN KALMAK, KALE ALMAMAK
İLL;HASTA
İLLUSİON;HAYAL,HÜLYA, KURUNTU
İLLUSTRATE;RESİMLEMEK, ÖRNEKLEMEK
İMAGİNE;HAYAL ETMEK
İMİTATE;TAKLİT ETMEK
İMMEDİATE;DERHAL, ACELE, ÇABUK  AKRABA İÇİN EN YAKIN
İMMOBİLİZE İMMMOBİLAYZ;HAREKETSİZ/SABİT KILMAK
İMPACT;ÇARPMAK
İMPEACH;SUÇLAMAK, İTHAM ETMEK
İMPLEMENT;GERÇEKLEŞTİRMEK REALİZE
İMPLİCATE;BULAŞTIRMAK
İMPLY;İMA ETMEK
İMPORT;İTHALETMEK
İMPOSE;ZORLA KABUL ETTİRMEK, KOYMAK VERGİ, YÜK OLMAK
İMPOSSİBLE;İMKANSIZ
İMPRİSONMENT;HAPSE ATMAK
İMPROVE;GELİŞTİRMEK
İNAUDİBLE;DUYULAMAZ, İŞİTİLEMEZ SES VB
İNCAPABLE OF İNKEPIBIL;KABİLİYETSİZ, YETENEKSİZ
İNCAPACİTATE;YETERSİZ BIRAKMAK, OLANAK TANIMAMAK, ACİZ BIRAKMAK
İNCESSANT;ARALIKSIZ, SÜREKLİ
İNCLİNE;EĞMEK, EĞİLİMİ OLMAK, FİKRİNİ VERMEK
İNCLİNED;EĞİM, YOKUŞ, MEYİL
İNCLUDE;DAHİL ETMEK, İÇERMEK
İNCORPORATE;BİRLEŞTİRMEK, DAHİL ETMEK
İNCORPORATE İNTO;DAHİL ETMEK
İNCREDİBLE;İNANILMAZ
İNDİCATE;GÖSTERMEK, BELİRTMEK
İNDİFFERENCE TO;KAYITSIZ, İLGİSİZ OLMAK
İNDİRECT;DOLAYLI
İNDUCE;-E NEDEN OLMAK, İKNA ETMEK
İNEVİTABLE;KAÇINILMAZ
İNFER;ANLAMAK, SONUCUNU ÇIKARMAK
İNFLUENCE;ETKİLEMEK,ETKİ
İNFLUENTİAL İNFLUWENŞIL;NÜFUZLU, SÖZÜ GEÇER, ÇEVRESİ GENİŞ
İNFORM;BİLGİLENDİRMEK
İNHERİT;MİRASA KONMAK, MİRAS OLARAK ALMAK
İNHİBİT;GÖZ DAĞI VERMEK
İNİTİALLY;BAŞLANGIÇTA, İLK ETAPTA
İNİTİATE İNİŞİYEYT;BAŞLATMAK
İNJECTİON;ENJEKTSİYON
İNJURE;İNCİTMEK
İNJUSTİCE;EŞİTSİZLİK, ADALETSİZLİK
İNK;MÜREKKEP
İNNOVATE;YENİ BİR ŞEY İCAT ETMEK, YENİLİK GETİRMEK
İNNOVATİON;YENİLİK, YENİ BİR ŞEY İCAD ETMEK
İNNOVATİVE;YENİLİKÇİ, İCATÇI
İNQUİRE;SORUŞTURMAK
İNSATİABLE İNSEYŞIBIL;GÖZÜ DOYMAZ, DOYUMSUZ, AÇ GÖZLÜ  OBUR, PİSBOĞAZ
İNSECT;BÖCEK
İNSİGNİFİCANT;EHEMMİYETSİZ, ÖNEMSİZ  ANLAMSIZ, MANASIZ
İNSİST;ISRARETMEK
İNSİST ON;ISRAR ETMEK
İNSPECT;İNCELEMEK
İNSTANTANEOUSLY;ANLIK, BİR ANDA OLAN, ANİDEN
İNSTİTUTE;KURMAK
İNSTRUCT;TALİMAT VERMEK
İNSTRUCTİONS;EĞİTİM, TALİMAT, YÖNERGE
İNSULATE AGAİNST;YALITMAK, SOĞUĞU/SESİ VB KESMEK HIRKANIN SOĞUĞU KESMESİ GİBİ
İNTEGRATE;BÜTÜNLEŞMEK, KAYNAŞMAK
İNTELLİGENCE;ZEKA, AKIL  HABER AJANSI
İNTELLİGENT;AKILLI,ZEKİ
İNTENT;NİYET, MAKSAT, AMAÇ
İNTENTİON;NİYET, MAKSAT, AMAÇ
İNTENTİON İNTENŞIN;NİYET
İNTENTİONAL;KASITLI,MAKSATLI,BİLEBİLE
İNTERACT;BİRBİRİNİ ETKİLEMEK
İNTERACTİON WİTH;ETKİLEŞİM
İNTERESTED;İLGİLİ
İNTERFERE;BAŞKASININ İŞİNE BURNUNU SOKMAK
İNTERFERE WİTH;KARIŞMAK, MÜDAHALE ETMEK
İNTERMİTTENT;ARALIKLI
İNTERPRET;YORUMLAMAK
İNTERPRETATİON;YORUM, ÇEVİRİ
İNTERROGATE;SORGUYA ÇEKMEK
İNTERVİEW;RÖPORTAJ, RÖPORTAJ YAPMAK  MÜLAKAT, MÜLAKAT YAPMAK
İNTİMATE;SAMİMİ  TANIDIK, AŞİNA ALIŞILAN PLAJ, TRAFİK MANZARALARI VB
İNTRODUCE;SUNMAK, TAKDİM ETMEK
İNTRODUCTİON;TANITIM
İNVADE;İŞGAL ETMEK, İSTİLA ETMEK
İNVALUABLE;PAHA BİÇİLMEZ, ÇOK DEĞERLİ
İNVARİABLY;DEĞİŞMEDEN, DEVAMLI, SÜREKLİ OLARAK
İNVENT;İCAT ETMEK
İNVEST;YAPTIRIMYAPMAK
İNVEST İN;PARA YATIRIMI YAPMAK
İNVESTİGATE;SORUŞTURMAK,ARAŞTIRMAK, İNCELEMEK
İNVİTE;DAVETETMEK
İNVOKE;DİLEMEK
İNVOLVE;KAPSAMAK, DAHİL ETMEK  ,GEREKTİRMEK
İNVOLVEMENT;DAHİL OLMA, KARIŞMA
İRONY;TERSİNİ SÖYLEYEREK ALAY ETME
İRREGULARİTY;YOLSUZLUK, HİLE  DÜZENSİZLİK
İRRELEVANT;İLGİSİZ
İSLAND;ADA
İSOLATE;SOYUTLAMAK
İTALİC;İTALİK
JAM;REÇEL
JAR;KAVANOZ
JEALOUS;KISKANÇ
JEOPARDİZE CİOPİDAYZ;TEHLİKEYE ATMAK
JEWEL;MÜCEVHER
JOB;MESLEK
JOİN;KATILMAK, İŞTİRAK ETMEK
JOİNT;EKLEM, MAFSAL  ORTAKLAŞA YAPILAN
JOKE;ŞAKA
JOURNALİST;GAZETECİ
JOURNEY;SEYAHAT
JUDGE;YARGİÇ
JUİCE;MEYVESUYU
JUMP;ZIPLAMAK
JUSTİFY;DOĞRULAMAK
KENNEL;KÖPEK KULÜBESİ
KEY;ANAHTAR
KEYHOLE;ANAHTAR DELİĞİ
KİCK;TEKME
KİDNAPPER;ADAM/ÇOCUK KAÇIRAN
KİLL;ÖLDÜRMEK
KİND;KİBAR
KNEE;DİZ
KNİFE;BIÇAK
KNOCK;DEVİRMEK  KAPI VB ÇALMAK
KNOWLEDGE;BİLGİ
LABEL;ETİKETLEMEK
LAKE;GÖL
LAMB;KUZU  KUZU ETİ
LARGE;GENİŞ
LATTER;SONRAKİ X FORMER
LAUGH;GÜLMEK
LAW;YASA
LAWYER;AVUKAT
LEAF;YAPRAK
LEAK;SU, YAĞ VB SIZMAK  BİLGİ, GİZLİ SIRLAR VB MEDYAYA SIZMAK
LEATHER;DERİ
LEAVE;AYRILMAK
LEFT;SOL
LEG;BACAK
LEGEND;EFSANE
LEGİSLATE;YASAMAK
LEİSURE;BOŞ VAKİT
LEND;ÖDÜNÇVERMEK
LESSEN;AZALTMAK
LET;İZİNVERMEK
LETTER;MEKTUP
LEVY;ZORLA TOPLAMA HARAÇ
LİBRARY;KÜTÜPHANE
LİE;YALANSÖYLEMEK
LİFT;ASANSÖR
LİGHT;HAFİF/IŞIK
LİKELY;OLASI, MUHTEMEL
LİKEWİSE;BUNA BENZER ŞEKİLDE, AYNEN BUNUN GİBİ
LİP;DUDAK
LİQUİD;SIVI
LİST;LİSTE, LİSTELEMEK
LİSTLESS;YORGUN, BİTKİN
LİTERACY;OKUR YAZARLIK
LİTERAL;GERÇEK, ABARTISIZ
LİTTER;ÇÖP
LOAD;YÜKLEMEK
LOAN;KREDİ
LOANAGREEMENT;KREDİSÖZLEŞMESİ
LOATHE;NEFRET ETMEK
LOCATE;YERLEŞTİRMEK
LOCATİON;MEVKİ, YER
LOCK;KİLİTLEMEK
LOGİCAL;MANTIKLI
LOOSE;GEVŞEK, SIKICA BAĞLANMAMIŞ, GEVŞEMİŞ X TİGHT
LOSE;KAYBETMEK
LOUD;YÜKSEKSES
LOVELY;SEVECEN, SEVİMLİ
LOW;ALÇAK
LUCK;ŞANS
LUGGAGE;BAGAJ
LUGGAGE LAGİÇ;BAGAJ
LUNCH;ÖĞLEYEMEĞİ
MAGİC;SİHİR
MAGİCAL MECİKIL;SİHİRLİ
MAGNİFİCENT;MÜKEMMEL
MAİN;ESAS, ANA, TEMEL
MAİNSTREAM;PEK ÇOK KİŞİ TARAFINDAN KABUL GÖREN İNANIŞ VEYA DÜŞÜNCE
MAİNTAİN;SÜRDÜRMEK,KORUMAK
MAKE A DECİSİON;KARAR VERMEK
MALL;ALIŞVERİŞMERKEZİ
MANAGE;BAŞARMAK, ÜSTESİNDEN GELMEK  YÖNETMEK, İDARE ETMEK
MANAGEMENT;YÖNETİM İDARE
MANAGER;YÖNETİCİ,MÜDÜR
MANİPULATE;ELİNDE OYNATMAK
MANNER;DAVRANIŞ, TUTUM
MANUFACTURE;FABRİKADA ÜRETMEK
MAP;HARİTA
MARCH;İLERLEME, İLERLEYİŞ, MARŞLA YÜRÜMEK
MARGİN;KENAR, PAY
MARKETİNGRESEARCH;PAZARARAŞTIRMASI
MARKETSHARE;PAZARPAYI
MARRİED;EVLİ
MARVELLOUS;HARİKULADE
MASSACRE MESSEKI;R
MASSİVE;MUAZZAM
MASTER;EFENDİ, SAHİP  HAKİM OLMAK, BİR ŞEYİ DETAYLARIYLA BİLMEK
MASTERPİECE;ŞAHESER, BAŞ YAPIT
MATURE ; OLGUN
MEADOW;ÇAYIR, OTLAK, MERA
MEAL;YEMEK
MEAN;CİMRİ/ORTA, VASAT/NİYET ETMEK, DEMEK İSTEMEK
MEANDER;DOLAMBAÇLI YOL  AVARE AVARE DOLAŞMAK
MEASURE;ÖLÇÜ, MİKTAR, ÖLÇÜM
MEASURE MEJI;R
MEAT;ET
MEDİATE BETWEEN;ARABULUCULUK ETMEK, ARASINI BULMAK
MEDİCİNE;İLAÇ
MEET;BULUŞMAK
MEETİNG;TOPLANTI
MELON;KAVUN
MEMBER;ÜYE
MEMBEROFPARLİAMENT;MİLLETVEKİLİ
MEMORİAL;ANIT
MEMORY;BELLEK,HAFIZA
MEND;TAMİRETMEK
MENTİON;BAHSETMEK
MERCHANDİSE;MAL,EŞYA
MERGE;BİRLEŞMEK, BİR ARAYA GELMEK  İKİ ŞİRKETİN BİRLEŞMESİ VB
METAPHOR;MECAZ
METHOD;METOD, YÖNTEM
MİGRATE;GÖÇMEK
MİLİTARY;ASKERİ
MİND;AKIL
MİNİSTER;BAKAN
MİNOR;AZ  ÖNEMSİZ, KÜÇÜK *** MİNORİTY
MİNUTE;DAKİKA
MİRACULOUSLY;MUCİZE ESERİ
MİRROR;AYNA
MİSBEHAVE;TERBİYESİZLİK YAPMAK, KÖTÜ DAVRANIŞLAR SERGİLEMEK
MİSCHİEF;YARAMAZLIK, HAŞARILIK
MİSS;ÖZLEMEK
MİSTAKE;HATA
MİSUNDERSTANDİNG;YANLIŞ ANLAŞILMA
MİX UP;AKLINI KARIŞTIRMAK,KARIŞTIRMAK
MİXED;KARIŞIK
MOCK AT;DALGA GEÇMEK, ALAY ETMEK
MODEL;MODEL, ÖRNEK
MODİFY;DEĞİŞTİRMEK
MONİTOR;MONİTOR, EKRAN, GÖZLEMLEME
MONKEY;MAYMUN
MONTH;AY
MOOD;RUH HALİ, MORAL ***İN A BAD MOOD
MOON;AY
MOSQUE;CAMİ
MOTİVATİON;MOTİVASYON
MOUNTAİN;DAĞ
MOURNİNG;YAS, KEDER
MOUTH;AĞIZ
MOVE;HAREKETETMEK,TAŞINMAK
MOVEMENT;HAREKET  EDEBİYATTA VB AKIM
MULTİNATİONAL;ÇOK ULUSLU
MUNİCİPALİTY;BELEDİYE
MURDER;CİNAYETİŞLEMEK
MUSCLE;KAS
MYSTERY;GİZEM, SIR
NAİLCLİPPERS;TIRNAKMAKASI
NARRATİVE;HİKAYE, ÖYKÜ
NARRATOR;HİKAYECİ
NARROW;DAR
NARROWLY;KIL PAYI
NATİON;ULUS
NATİVE TO;YÖREYE HAS/ÖZGÜ
NAUGHTY;YARAMAZ
NEED;İHTİYAÇ
NEGLECT;İHMAL ETMEK
NEİGHBOUR;KOMŞU
NERVOUS;ENDİŞELİ
NEUTRALİTY NÖTRALİTİ;TARAFSIZLIK
NEVER;ASLA
NEWS;HABERLER
NİCE;HOŞ
NOİSE;SES
NOSE;BURUN
NOTATİON;NOT ETME, NOTALAR SİSTEMİ
NOTE;İŞARET, BELİRTİ
NOTİCE;İLAN  FARK ETMEK
NOVEL;ROMAN
NURSE;HEMŞİRE
OBESE;ŞİŞMAN, OBEZ
OBEY;UYMAK, İTAAT ETMEK  KURALLARA VB
OBJECT;NESNE
OBJECTİON;İTİRAZ
OBJECTİVE;AMAÇ,HEDEF
OBLİGATİON;ZORUNLULUK, MECBURİYET
OBSCURE;SİLİK  ANLAŞILMAZ HALE GETİRMEK, KARIŞIK HALE GETİRMEK
OBSERVE;DİKKATLE BAKMAK, GÖZETLEMEK, GÖZLEMLEMEK
OBSOLETE;MODASI GEÇMİŞ, ESKİDE KALMIŞ
OBTAİN;ELDE ETMEK
OBVİOUS;AÇIK,BARİZ,ORTADA
OCCASİON;ÖZEL OLAY, ÖNEMLİ GÜN  DURUM, HAL
OCCASİONAL;ARA SIRA, NADİREN
OCCUPY;ÜLKE/ŞEHİR VB İŞGAL ETMEK  BİR MEKANI DOLDURMAK, YERLEŞMEK
OCCUR;MEYDANA GELMEK
OCCURRENCE;VUKUAT, OLAY
OCEAN;OKYANUS
ODD;TUHAF
ODDLY ENOUGH!;NE TUHAFTIR Kİ …!
ODOUR;KOKU ***ODOURLESS
OFFEND;GÜCENDİRMEK, KIRMAK  HAFİF SUÇ İŞLEMEK
OFFER;TEKLİF, TEKLİF ETMEK  İMKAN, FIRSAT VB SAĞLAMAK, SUNMAK
OFFİCER;MEMUR,YETKİLİ
OFFİCİALLY;RESMEN, RESMİ OLARAK
OİL;YAĞ
OPİNİON;FİKİR
OPPORTUNİTY;FIRSAT
OPPOSE;KARŞI ÇIKMAK
OPPOSİTE;KARŞI-ZIT
OPPOSİTİON;KARŞITLIK, MUHALEFET,ZITLIK
OPPRESS;ZULMETMEK
OPTİONAL;İSTEĞE BAĞLI
ORDER;DÜZEN, TERTİP
ORDİNARY;SIRADAN, ALIŞILAGELMİŞ
ORGANİZE;ORGANİZE ETMEK, DÜZENLEMEK
ORİGİN;KOK, KAYNAK
ORİGİNALLY;İLK BAŞTA, İLK ÖNCELERİ
ORNAMENT;SÜS, SÜS EŞYASI  SÜSLEMEK
ORPHAN;YETİM BIRAKMAK
OUTCROP;YERYÜZÜNE ÇIKMIŞ KATMAN
OUTCRY;FERYAT FİGAN, ÇIĞLIK
OUTDO;BİRİNİ GERİDE BIRAKMAK, SOLLAMAK, EKARTE ETMEK
OUTİNG;GEZİ, GEZİNTİ
OUTLET;SADECE BİR ÇEŞİT ÜRÜN VEYA SADECE BİR FİRMANIN ÜRÜNÜNÜ SATAN ŞUBE
OUTLİNE;ANA HAT
OVEN;FIRIN
OVERLAP;ÜSTÜSTE BİNMEK
OVERLOOK;GÖZ ARDI ETMEK, GÖRMEZDEN GELMEK
OVERTAKE;ARABASIYLA BİR BAŞKA ARABAYI SOLLAMAK
OVERWEİGHT;KİLOLU
PACE;HIZ
PAGE;SAYFA
PAİNT;BOYAMAK
PARAPHRASE;YORUM, AÇIKLAMA
PARENT;EBEVEYN
PARTİALLY;KISMEN
PARTİCİPATE;KATILMAK
PARTİCİPATE İN;KATILMAK, İŞTİRAK ETMEK
PARTİCİPATİON;KATILIM
PARTİCULAR PITİK;ULIR
PARTİCULARLY;ÖZELLİKLE
PASS;GEÇMEK
PASSAGE;GEÇİT, PASAJ
PASSENGER;TOPLU TAŞIT YOLCUSU
PASSİONATELY;İHTİRASLA, TUTKUYLA
PATİENCE;SABIR
PATİENTLY;SABIRLA, SABIRLI BİR ŞEKİLDE
PATTERN;ÖRNEK
PAVEMENT;KALDIRIM
PAY;ÖDEMEK
PEACE AND QUİET;HUZUR VE SÜKUNET
PEAK;DORUK, ZİRVE *** AT PEAK
PECULİAR;TUHAF, ACAYİP
PEDESTRİAN;YAYA
PENALİZE;CEZA VERMEK, CEZALANDIRMAK
PEPPER;BİBER
PERCEİVE;ALGILAMAK
PERCENTAGE;YÜZDE
PERFORM;YERİNE GETİRMEK
PERMİSSİON;İZİN, MÜSAADE
PERSEVERİNG;SEBATKAR, GAYRETLİ
PERSİST;ISRAR ETMEK, SÜRÜP GİTMEK
PERSONAL;KİŞİSEL
PERSPECTİVE;PERSPEKTİF, DERİNLİK
PERSUADE;İKNA ETMEK
PESSİMİSM;KÖTÜMSERLİK ***PESSİMİST
PET;EV HAYVANI
PİCK;TOPLAMAK
PİONEER;ÖNCÜ, YOL AÇAN, ÖNCÜLÜK EDEN
PLACE;YER, MEKAN
PLACEMENT;YERLEŞTİRME
PLAGİARİSM;ESER HIRSIZLIĞI
PLAGUE PLEYG;VEBA  ÖLDÜRÜCÜ SALGIN HASTALIK  BELA VB MUSALLAT OLMAK
PLAİN;DÜZ, SADE  OVA, DÜZLÜK
PLAN;PLANLAMAK
PLANE;UÇAK
PLANT;BİTKİ
PLATE;TABAK
PLAUSİBLE;MANTIKLI
PLEAD;YALVARMAK , RİCA ETMEK
PLEASE;MEMNUN ETMEK, TATMİN ETMEK
PLEDGE PLEC;CİDDİ BİR SÖZ VERMEK, CİDDİ BİR VAAT
PLOT;KOMPLO, PLAN
POCKET;CEP
POEM;ŞİİR
POİNT;ANA FİKİR, NOKTA
POİNT OF VİEW;BAKIŞ AÇISI
POLİCY;TUTUM, KURAL, PRENSİP, İLKE
POLİO;ÇOCUK FELCİ
POLİTE;KİBAR
POLLUTİON;KİRLİLİK
POOL;HAVUZ
POOR;FAKİR
PORTRAY;TASVİR ETMEK
POSE;ORTAYA ÇIKARMAK, POZ VERMEK
POSSESS;SAHİP OLMAK, ETKİLEMEK
POSSESSİON;EŞYA, MAL MÜLK
POSSİBLE;OLASI, MÜMKÜN
POST;VAZİFE, GÖREV, İŞ  POSTA
POSTPONE;ERTELEMEK
POWER;GÜÇ
PRACTİCALLY;-HEMEN HEMEN -UYGUN OLARAK, PRATİK OLARAK
PRAİSE;ÖVMEK
PRECEDE; ÖNCE GELMEK
PRECLUDE;ENGELLEMEK
PREDİCT;TAHMİNDE BULUNMAK
PREDİCTABLE;TAHMİN EDİLEBİLİR, SAĞI SOLU BELLİ
PREFİX;ÖNEK
PREJUDİCE;ÖN YARGI
PREPARE;HAZIRLAMAK
PRESENT;SUNMAK, TANITMAK  MEVCUT, VAR OLAN
PRESERVE;KORUMAK, MUHAFAZA ETMEK
PRESİDENT;CUMHURBAŞKANI
PRESSURE;BASKI, BASINÇ ***UNDER PRESSURE
PRESUME;VARSAYMAK, FARZETMEK
PRETTY;SEVİMLİ
PREVENT;ENGEL OLMAK, MANİ OLMAK
PREVİEW;ÖNİZLEME
PREVİOUS;ÖNCEKİ
PREVİOUSLY;ÖNCEDEN, ESKİDEN
PRİCE;FİYAT
PRİCECONTROL;FİYATKONTROLÜ
PRİMARY;İLK, ANA
PRİOR;ÖNCEKİ, ESKİ
PRİOR TO;--- DEN ÖNCE, --- DEN EVVEL
PRİSON;HAPİSHANE
PROBABİLİTY;OLASILIK
PROBABLY;MUHTEMELEN
PROCEDURE;PROSEDÜR, İŞLEM
PROCESS;SÜREÇ,YÖNTEM, USUL
PRODUCE;ÜRETMEK
PROFİLE;PROFİL
PROFİT;KAR
PROGRESS;İLERLEMEK ***İN PROGRESS
PROHİBİT;YASAKLAMAK
PROJECT;PROJE, PLAN
PROMOTE;TERFİ ETMEK, MAKAMINI YÜKSELTMEK  REKLAM YAPMAK
PROMOTİON;TERFİ
PROMPT;ÇABUK, İVEDİ, ACELE, VAKİT GEÇİRMEDEN
PROMPTLY;DERHAL, HEMEN
PROOFREAD;YANLIŞLARI DÜZELTMEK
PROPERLY;ADAM AKILLI
PROPERTY;MAL, MÜLK
PROPORTİON;ORAN ***İN PROPORTİON TO
PROPOSAL;TEKLİF
PROPOSE;ÖNERMEK, TEKLİF ETMEK
PROSE;DÜZ YAZI
PROTECTİON AGAİNST;KORUMA
PROVE;KANITLAMAK
PROVOKE;KIŞKIRTMAK, TAHRİK ETMEK
PUBLİCİTY;TANITMA,REKLAM
PUBLİSH;KİTAP, KASET VB YAYIMLAMAK
PUNCTUAL;DAKİK
PUNİSHMENT;CEZA
PURCHASE;SATIN ALMAK
PURCHASE PÖ;ÇIS
PURPOSE;AMAÇ, MAKSAT
PURSUE;TAKİP ETMEK
PUSH;İTTİRMEK
PUT FORTH;ÖNE SÜRMEK, ORTAYA ATMAK
QUANTİTY;MİKTAR
QUARREL;BOZUŞMAK,ÇEKİŞMEK
QUEEN;KRALİÇE
QUEUE;SIRA, KUYRUK
QUİCK;HIZLI
QUİET;SESSİZ
QUOTATİON;ALINTI
QUOTE;AKTARMAK
RACE;IRK  YARIŞ
RACİSM;IRKÇILIK, MİLLİYETÇİLİK
RAİD;YASADIŞI İŞLERE YAPILAN BASKIN
RAİLWAY;TRENYOLU
RAİSE;ARTIRMAK, YÜKSELTMEK, KALDIRMAK SU SEVİYESİNİ, MAAŞLARI VB  HAYVAN/İNSAN YETİŞTİRMEK, BÜYÜTMEK  SORUN, KONU, FİKİR VB ORTAYA ATMAK
RANK;SIRALAMAK
RARE;NADİR, ENDER
RARELY;NADİREN
RATE;ORAN, HIZ
REACH;ULAŞMAK
REACTİON;TEPKİ, REAKSİYON
READY;HAZIR
REASON;SEBEP
RECALL;GERİ ÇAĞIRMA, GERİ İSTEME
RECEİPT;FATURA
RECEİVE;ALMAK, KABUL ETMEK
RECKLESSLY;DİKKATSİZCE, PERVASIZCA
RECOGNİZE;TANIMAK
RECOMMEND;TAVSİYEETMEK
RECOMMENDATİON;TAVSİYE, ÖNERİ
RECORD;KAYDETMEK
REDUCE;AZALTMAK
REFER;DEĞİNMEK, BAHSETMEK
REFEREE;HAKEM
REFLECT;YANSITMAK
REFRESHİNG;CANLANDIRICI, SERİNLETİCİ APERATİF YİYECEK, TEMİZ HAVA VB
REFRİGERATOR;BUZDOLABI
REFUGEE;MÜLTECİ
REFUND;PARAYI İADE ETMEK
REFUSE;REDDETMEK
REGARD;SAYGI
REGİONAL;BÖLGESEL
REGİSTER;SİCİL,KÜTÜK  KAYDETMEK
REGRET;PİŞMANLIK  ÜZÜNTÜ
REGRETFUL;PİŞMAN, ÜZGÜN
REGRETTABLE;ÜZÜCÜ, ÜZÜNTÜ/KEDER/ESEF VERİCİ
REGULAR;DÜZENLİ/SIRADAN
REGULARLY;DÜZENLİ BİR ŞEKİLDE *** ON A REGULAR BASİS
REHEARSE RİHÖRS;PROVA YAPMAK ***REHEARSAL
REJECT;RED ETMEK
REJECTİON;RET, KABUL ETMEME
RELATE;BAĞLI OLMAK, İLGİLİ OLMAK
RELATİON;İLİŞKİ
RELATİONSHİP;İLİŞKİ, BAĞ
RELAX;DİNLENMEK
RELEASE;SERBEST BIRAKMAK,SALMAK
RELENTLESS;MERHAMETSİZ  AMANSIZ, HUMMALI, ARALIKSIZ DEVAM EDEN
RELEVANT;KONU İLE İLGİLİ, ALAKALI
RELİEF;RAHATLAMA, FERAHLAMA ***RELİEF WORK
RELİGİON;DİN
RELOCATE;YERİNİ DEĞİŞTİRMEK, YERİNDEN ETMEK
RELUCTANT;GÖNÜLSÜZ
RELUCTANT RİLAKTINT;İSTEKSİZ
RELY;GÜVENMEK
REMAİN;KALINTI
REMARK;SÖYLEMEK, BELİRTMEK  DÜŞÜNCE, FİKİR
REMEMBER;HATIRLAMAK
REMEMBRANCE;ANMA, HATIRLAMA, YAD ETME
REMİNİSCENT OF;ANDIRAN, HATIRLATAN, ANIMSATAN
REMOTE;UZAK, IRAK  ISSIZ, ÜCRA ***REMOTE CONTROL
REMOTECONTROL;KUMANDA
REMOVAL;LEKE VB ŞEYLERİN ÇIKARILMASI, SÖKÜLMESİ  EVİN VB TAŞINMASI
REMOVE;LEKE VB ÇIKARMAK, TEMİZLEMEK  SÖKMEK
RENT;KİRALAMAK
REPAİR;TAMİRETMEK
REPEAT;TEKRARETMEK
REPEATEDLY;DEFALARCA, TEKRAR TEKRAR
REPETİTİVE;MONOTON, SIKICI
REPHRASE;BAŞKA BİR ŞEKİLDE İFADE ETMEK
REPLACE WİTH;ESKİ YERİNE KOYMAK  --- İLE DEĞİŞTİRMEK
REPLİCA;ASLINA ÇOK BENZEYEN KOPYA
REPLY;CEVAPLAMAK
REPORT;RAPOR
REPRESENT;TEMSİL ETMEK
REPRESENTATİVE;TEMSİLCİ
REQUEST;RİCA ETMEK
REQUİRE;GEREKTİRMEK
REQUİREMENT;İHTİYAÇ, GEREKSİNİM
REQUİSİTE;GEREKLİ ŞEY
RESENTFUL;ALINGAN, DARILMIŞ
RESİDE;İKAMET ETMEK, YERLEŞMEK
RESİDENT;BİR YERDE İKAMET EDEN, HALK APARTMAN, MAHALLE SAKİNİ VB
RESİGN FROM; İSTİFA ETMEK
RESOLVE;ÇÖZMEK
RESORT;SON ÇARE OLARAK BİR ŞEYE BAŞVURMAK  TATİL YERİ/BELDESİ
RESPOND;CEVAP VERMEK
RESPONSE;KARŞILIK, CEVAP
RESPONSİBLE;SORUMLU
RESTATE;YENİDEN İFADE ETMEK
RESTLESSNESS;HUZURSUZLUK, İÇİNİN RAHAT OLMAMASI X CALMNESS
RESTROOM;TUVALET
RESULT;SONUÇ
RETİRE;EMEKLİYEAYRILMAK
RETURN;GERİDÖNMEK
REVEAL;AÇIĞA ÇIKARMAK, GÜN YÜZÜNE ÇIKARMAK
REVENGE;İNTİKAM, İNTİKAM ALMAK *** TAKE REVENGE ON
REVİEW;GÖZDEN GEÇİRMEK
REVİSE;YENİDEN İNCELEMEK, GÖZDEN GEÇİRMEK
REVOLVE;DÖNMEK  DÖNDÜRMEK, ÇEVİRMEK
REWARD;ÖDÜL  ÖDÜLLENDİRMEK *** REWARDİNG
RİCE;PİRİNÇ
RİCH;ZENGİN
RİDE;AT, BİSİKLET VB BİNMEK
RİGHT;DOĞRU
RİGHTFULLY;HAKLI OLARAK, HAKLI YERE X WANTONLY
RİNG;YÜZÜK-TELEFONUNÇALMASI
RİSE;ORTAYA ÇIKMAK, ARTMAK, YÜKSELMEK
RİVER;IRMAK
ROAD;YOL
ROB SOMEBODY OF SOMETHİNG;BİRİNİ SOYMAK ***ROBBERY
ROBUST RIBAST;TURP GİBİ, SAPASAĞLAM
ROCK;KAYA
ROOF;ÇATI
ROOM;ODA
ROOT;KÖK
ROPE;İP
ROSE;GÜL
RUBBLE;ENKAZ, YIĞIN
RUDE;KABA
RULE;KURAL
SACRİFİCE;ADAMAK, KURBAN ADAMAK
SAFE;GÜVENLİ
SALARY;MAAŞ
SALT;TUZ
SALUTE;SELAMLAMAK
SAME;AYNI
SATİSFACTİON;TATMİN, MEMNUNİYET
SAVAGE;VAHŞİ
SAVE;KAYDETMEK
SCALD;KAYNAR SUYLA YAKMAK/HAŞLAMAK
SCALP;KAFA DERİSİNİ YÜZMEK
SCAN;TARAMAK, İNCELEMEK
SCARCE;SEYREK, AZ
SCARCELY;HEMEN HEMEN HİÇ
SCATTER;SAÇMAK, SERPMEK
SCEPTİCAL;ŞÜPHECİ
SCİSSORS;MAKAS
SCORE;SKOR, PUAN, SAYI
SCRATCH;KAZIMAK, TAHRİŞ ETMEK  
SCULPTURE;HEYKEL
SEAM;DİKİŞ YERİ
SEASONAL;MEVSİMİNE UYGUN
SEAT;KOLTUK
SEATBELT;EMNİYETKEMERİ
SECRET;SIR
SECURE;GÜVENLİ, EMNİYETLİ
SECURİTY;GÜVENLİK
SEDATE;SAKİNLEŞTİRMEK, SOĞUKKANLI
SEED;TOHUM
SEEM;GÖRÜNMEK
SEİZE;BASKINLA ELE GEÇİRMEK
SELECT;SEÇMEK
SELL;SATMAK
SEND;GÖNDERMEK
SENSE;DUYGU **SENSİTİVE
SENTENCE;CEZAYA MAHKUM ETMEK  CÜMLE
SENTİMENTAL;DUYGUSAL
SEQUENCE;SIRA
SERİES;SIRA, DİZİ
SERİOUS;CİDDİ
SERVE;SERVİSYAPMAK
SESSİON;TOPLANTININ HER BİR OTURUMU
SET;SERİ, DİZİ, TAKİM
SETTİNG;DÜZENLEME, AYAR
SEWAGE;LAĞIM, KANALİZASYON
SHADE;GÖLGELİK  RENK TONU
SHARP;KESKİN,SİVRİ
SHELF;RAF
SHİNE;PARLAMAK
SHİP;GEMİ
SHİRT;GÖMLEK
SHOE;AYAKKABI
SHOOT;VURMAK
SHOPLİFTİNG;AŞIRMAK
SHORTCOMİNG;KUSUR, EKSİK, NOKSAN
SHORTEN;KISALTMAK
SHOULDER;OMUZ
SHOUT;BAĞIRMAK
SHOW;GÖSTERMEK
SHOW OFF;HAVA ATMAK
SHUFFLE;KARIŞTIRMAK  
SHUT;KAPATMAK
SİCK;HASTA
SİGH;İÇ ÇEKMEK 
SİGN;İMZAATMAK
SİGNAL;SİNYAL, İŞARET
SİGNATURE;İMZA
SİGNİFİCANCE;ÖNEM
SİGNİFİCANT;ÖNEMLİ, KAYDA DEĞER , ANLAMLI
SİLENT;SESSİZ, SAKİN
SİLK;İPEK
SİMİLE;MECAZ, BENZETME, TESBİH
SİMPLE;BASİT
SİMPLY;BASİT BİR ŞEKİLDE  SADECE, YALNIZCA
SİMULATE;TAKLİT ETMEK *** SİMULATİON
SİNG;ŞARKISÖYLEMEK
SİNGLE;BEKAR
SİNK;BATMAK  LAVABO
SİTUATE;YERLEŞMEK, YERLEŞTİRMEK
SİTUATİON;DURUM
SİZE;BEDEN
SKİ;KAYAK
SKİLL;YETENEK
SKİM;GÖZ ATMAK
SKİN;TEN,DERİ
SKİRT;ETEK
SKY;GÖKYÜZÜ
SLAUGHTER;KURBAN ETMEK,CİNAYET İŞLEMEK
SLAVERY;KÖLELİK
SLEEVE;GÖMLEK, GÖMLEK KOLU 
SLİGHT;HAFİF, AZ
SLİP;KAYMAK *** SLİP OF THE TONGUE
SMASH;KIRIP PARÇALAMAK
SMİLE;GÜLÜMSEMEK
SMOTHER SMADIR;ÜZERİNİ ÖRTMEK, KAMUFLE ETMEK
SNAKE;YILAN
SNAP;FOTOĞRAFÇILIKTA POZ
SNEEZE;HAPŞIRMAK
SNORE;HORLAMAK
SNOW;KAR
SOAP;SABUN
SOCİABLE;SICAK KANLI,  ÇABUK KAYNAŞAN
SOCİETY;SOSYETE
SOCKET;DUY,PRİZ
SOCKS;ÇORAP
SOFT;YUMUŞAK
SOLDİER;ASKER
SOLELY;YALNIZCA, SADECE
SOLVE;ÇÖZMEK
SON;ERKEKKARDEŞ
SONG;ŞARKI
SOOTHİNG;YATIŞTIRICI
SOUP;ÇORBA
SOURCE;KAYNAK
SOUVENİR;HEDİYELİKEŞYA
SPACE;UZAYBOŞLUĞU
SPATİAL;UZAMSAL
SPECİFİC;ÖZEL, ÖZGÜ
SPECTACULAR;GÖRKEMLİ, HARİKULADE
SPECULATE;TAHMİNDE BULUNMAK
SPEND;HARCAMAK
SPİDER;ÖRÜMCEK
SPİLLAGE;YERE VB DÖKÜLEN ŞEY, DÖKÜNTÜ SU VB
SPİN;FIRIL FIRIL DÖNMEK  İP İÇİN EĞİRMEK
SPİNE;OMURGA, BELKEMİĞİ
SPİRİTUAL;MANEVİ, RUHANİ
SPOİLED;ŞIMARIK
SPOON;KAŞIK
SPOUSE;EŞ KARI VEYA KOCA
SPREAD;YAYMAK, YAYILMAK ***WİDESPREAD
SPRİNG;BAHAR MEVSİMİ  SU KAYNAĞI
SPY;CASUS
STABİLİTY;İSTİKRAR, DENGE
STAFF;PERSONEL
STAGE;SAHNE TİYATRO  AŞAMA, MERHALE
STAMP;PUL
STANCE;DURUŞ, VAZİYET
STAND;AYAKTADURMAK
STANDARD;STANDART
STARE;DİKDİKBAKMAK
STARTLE;KORKUTMAK, ÜRKÜTMEK  ŞAŞIRTMAK, AFFALATMAK
STATE;BELİRTMEK/DURUM, HAL
STATEMENT;İFADE, DEYİM
STATİONERY;KIRTASİYE
STATUE STEYÇU;HEYKEL
STAY;KALMAK
STEADİLY;SABİT BİR ŞEKİLDE, İSTİKRARLA
STEAL;ÇALMAK, HIRSIZLIK YAPMAK
STEALTHİLY STELTİLİ;HIRSIZ GİBİ, SİNSİ BİR ŞEKİLDE
STEM;AĞAÇ GÖVDESİ *** STEM FROM
STEWARD;HOSTES
STİMULATE;TEŞVİK ETMEK, MOTİVE ETMEK
STİR;KARIŞIKLIK, KARGAŞA 
STOMACH;MİDE
STONE;TAŞABBREVİATE
STORE;DEPO, DEPOLAMAK
STORM;FIRTINA ***BLİZZARD
STORY;HİKAYE
STRANGE;GARİP
STRANGER;YABANCI
STRATEGY;STRATEJİ
STRAWBERRY;ÇİLEK
STRAY;BAŞIBOŞ AYLAK KİMSE
STRESS;BUHRAN, BUNALIM
STRETCH;UZAMAK, UZANMAK  GERMEK
STRİKE;GREV *** ON STRİKE
STROLL;AĞIR AĞIR DOLAŞMAK
STRONG;GÜÇLÜ
STRUCTURE;YAPI, BÜNYE
STUDY;ÇALIŞMAK
STYLE;STİL, TARZ
SUBJECT;KONU
SUBJECT TO;OLASI, MUHTEMEL
SUBJECTİVE;ÖZEL
SUBSEQUENT;SONRAKİ
SUBSTANTİAL;ÇOK ÖNEMLİ, ÖNEMLİ ÖLÇÜDE
SUBSTİTUTE;YERİNE KULLANMAK, YERİNE GEÇMEK
SUCCESSFUL;BAŞARILI
SUDDEN;ANİ
SUE;DAVA AÇMAK
SUFFER;ACIÇEKMEK
SUFFİCİENTLY;YETERLİ MİKTARDA
SUFFRAGE;OY KULLANMA HAKKI
SUGGEST;ÖNERMEK
SUGGESTİON;ÖNERİ, TAVSİYE
SUGGESTİVE OF;MANALI, İMALI
SUİT;TAKIMELBİSE
SUM;TOPLAM
SUMMARİZE;ÖZETLEMEK
SUMMARY;ÖZET
SUPPLY;TEDARİK ETMEK,SAĞLAMAK  KAYNAK *** SUPPLY OF WATER
SUPPORT;DESTEKLEMEK
SUPPORTİVE;DESTEK VEREN,YARDIMSEVER, ŞEFKATLİ
SUPPRESS;DUYGULARINI, BAĞIŞIKLIK SİSTEMİNİ VB BASKILAMAK
SURPASS;ÜSTÜN OLMAK, GERİDE BIRAKMAK, ÜSTÜN OLMAK
SURRENDER;TESLİM OLMAK X SURROUND
SURVEY;ANKET, İNCELEME
SURVİVE;HAYATTAKALMAK
SUSPEND;ASKIDA , MUALLAKTA BIRAKMAK, OKULDAN UZAKLAŞTIRMA
SUSPİCİON;ŞÜPHE
SWEET;TATLI
SYMBOLİZE;SİMGELEMEK
SYMPTOM;SEMPTOM, BELİRTİ HASTALIK VB İÇİN
SYNONYM;EŞ ANLAMLI SÖZCÜK
SYNTHESİZE;SENTEZLEMEK
TABLE;MASA
TAİL;KUYRUK
TAKE OFF;HAVALANMAK  TAKLİT EMEK
TAKE ON;SORUMLULUK VB ÜSTLENMEK
TAKEOFF;(UÇAK)HAVALANMAK
TALK;KONUŞMAK
TALL;UZUN
TAME;EVCİL HAYVAN
TAPESTRY;DUVAR HALISI
TARGET;HEDEF
TASTEFUL;ZEVKLİ
TASTY;LEZZETLİ
TEACH;ÖĞRETMEK
TECHNİQUE;TEKNİK
TEMPLE TEMPIL;TAPINAK, MABET
TEMPORARY;GEÇİCİ
TENDERNESS;ŞEFKAT, MERHAMET, ANLAYIŞ
TERM;DÖNEM
TERMİNAL;ÖLÜMCÜL HASTALIK
TERMİNATE;BİTİRMEK ,YOK ETMEK
TERRİTORY;BÖLGE, ARAZİ
TEST;TEST, DENEME
THE REST OF…;GERİ KALANI
THEME;TEMA, İÇERİK
THESİS;TEZ, SAV
THİCK;KALIN
THİEF;HIRSIZ
THİN;ZAYIF
THİNK;DÜŞÜNMEK
THİRSTY;SUSAMIŞ
THOUGHTLESS;DÜŞÜNCESİZ, PATAVATSIZ
THROUGHOUT;BOYUNCA
THROW;ATMAK, FIRLATMAK
THROW OUT;ÇÖP VB DIŞARI ATMAK
THUNDERSTORM;YILDIRIMLI FIRTINA
TİCKET;BİLET
TİDY;DÜZENLEMEK
TİMELİNE;ZAMAN ÇİZELGESİ
TİNY;KÜÇÜCÜK
TİRED;YORGUN
TOMB;MEZAR, KABİR, TÜRBE
TONE;SES, TON
TOOL;ALET
TOOTHBRUSH;DİŞFIRÇASI
TOOTHPASTE;DİŞMACUNU
TOPİC;KONU
TOUGH;SERT, KATI, DAYANIKLI
TOWEL;HAVLU
TOWER;KULE
TOWN;KASABA
TOY;OYUNCAK
TRACE;İPUCU, BELİRTİ, İŞARET
TRADE;TİCARET YAPMAK, ALIM SATIM YAPMAK  TİCARET
TRADİTİONAL;GELENEKSEL
TRAİL;İZ, PATİKA
TRAİN;EĞİTMEK, EĞİTİM GÖRMEK
TRAİNERS;SPORAYAKKABI
TRAİT;ÖZELLİK
TRANSİTİON;GEÇİŞ
TRANSLATE;TERCÜME ETMEK, ÇEVİRMEK
TRANSMİT;GÖNDERMEK, İLETMEK MESAJ VB  HASTALIK VB BULAŞTIRMAK
TRASH;ÇÖP
TRAVEL;SEYAHAT
TREASURE; HAZİNE
TREAT;TEDAVİ ETMEK *** TREATMENT
TREE;AĞAÇ
TRİCK;HİLE, TUZAK, ÇELDİRME ***PLAY A TRİCK ON
TRİM;AĞAÇ BUDAMAK  SAÇ KIRPMAK, KESMEK
TRİP;GEZİ
TRİPE;İŞKEMBE
TROUSERS;PANTOLON
TRUCK;KAMYON
TRUST;GÜVENMEK
TRUTHFUL ABOUT;GERÇEKLERE UYGUN, DOĞRU SÖZ
TURN;DÖNMEK
TURN İN;YETKİLİ KİŞİYE TESLİM ETMEK
TYPİCALLY;TİPİK OLARAK
TYRE;LASTİK
UGLY;ÇİRKİN
UMBRELLA;ŞEMSİYE
UNATTENDED;SAHİPSİZ
UNBEARABLE;KATLANILMAZ, DAYANILMAZ BASKI
UNCLE;AMCA-DAYI
UNCULTURED;KÜLTÜRSÜZ, TAHSİLSİZ, CAHİL
UNDERMİNE;ZAYIFLATMAK, BALTALAMAK
UNDERSTAND;ANLAMAK
UNDERTAKE;ZOR VESORUMLULUĞUNU ALMAK
UNDERWEAR;İÇÇAMAŞIRI
UNFORTUNATE;TALİHSİZ, ŞANSIZ
UNİQUE;EŞSİZ ŞEY
UNLİMİTED;SINIRSIZ
UNRELİABLE;GÜVENİLMEZ
UNTİMELY;VAKİTSİZ, YERSİZ
UNUSUAL;SIRA DIŞI, ALIŞILMAMIŞ
UNWİND;ÖRAHATLAMAK, DİNLENMEK
UPDATE;GÜNCELLEMEK
UPGRADE;MODELİNİ YENİLEMEK
URGENT;ACİL
UTİLİZE;KULLANMAK
VACATİON;TATİL
VAGUE VEYG;BELİRSİZ, NET HATIRLANAMAYAN 
VALİD;GEÇERLİ
VALLEY;VADİ
VANİSH; GÖZDEN KAYBOLMAK
VARİATİON;VARYASYON
VARİETY;ÇEŞİTLİLİK
VARY;DEĞİŞTİRMEK
VAST;ENGİN, MUAZZAM
VERİFY;DOĞRULAMAK
VET;VETERİNER
VİEWPOİNT;BAKIŞ AÇISI
VİGOROUSLY;GAYRETLE
VİOLATE VAYOLEYT;KURAL İHLAL ETMEK
VİOLENT;ŞİDDET İÇERİKLİ
VİRTUALLY;HEMEN HEMEN
VOCATİON;MESLEK
VOİCE;SES, SÖZ
VOLUNTEER;GÖNÜLLÜ, ÜCRET ALMADAN YARDIM EDEN
VOTE;OYKULLANMAK
VOTE FOR/AGAİNST;OY  OY VERMEK
VOYAGE;DENİZ YOLCULUĞU
WAİTER;GARSON
WALL;DUVAR
WANTONLY;DURDUK YERE
WATERMELON;KARPUZ
WAY;YOL
WEAK;GÜÇSÜZ
WEAR;GİYMEK
WEEK;HAFTA
WEEP;AĞLAMAK, SIZLAMAK
WHİRL;HIZLA DÖNMEK  GİRDAP
WHOLLY;TAMAMEN
WİDE;GENİŞ
WİDELY;GENİŞ ÇAPTA, OLDUKÇA
WİDOW;KADIN DUL ***WİDOWER
WİND;RÜZGAR
WİNTER;KIŞ
WİSH;DİLEK
WİTHDRAW FROM;GERİ ÇEKİLMEK
WİTHDRAWN;İÇİNE KAPANIK
WİTNESS;ŞAHİT
WONDER;MERAKETMEK
WONDERFUL;HARİKA
WORD;KELİME
WORTHLESS;DEĞERSİZ
WRONG;YANLIŞ
YARD;AVLU, BAHÇE
YİELD;ÜRÜN MEYVE VERMEK
ZİP;FERMUAR
ZOO;HAYVANATBAHÇESİ
STORM;FIRTINA
SUBWAY;METRO
SURE;EMİNOLMAK
SURPRİSED;ŞAŞIRMIŞ
TAİLOR;TERZİ
TASTE;TATMAK
TEAM;TAKIM
TEMPERATURE;DERECE,ISI
TENT;ÇADIR
TERRİBLE;BERBAT
THROW;ATMAK,FIRLATMAK
TİGER;KAPLAN
TİSSUE;KAĞITMENDİL
TONGUE;DİL
TOUCH;DOKUMAK
TRANSPORT;NAKİL,TAŞIMA
TROUBLE;DERT
TRY;DENEMEK
USUAL;OLAĞAN
VACUUMCLEANER;ELEKTRİKSÜPÜRGESİ
VALUABLE;DEĞERLİ
VEGETABLE;SEBZE
VİEW;MANZARA,GÖRÜNÜM
VOİCE;SES
WAR;SAVAŞ
WARM;ILIK
WARNİNG;UYARI
WEATHER;HAVA
WET;ISLAK
WİN;KAZANMAK
WİNE;ŞARAP
WORRY;ENDİŞE
